{"cameraMode":{"drawMode":0,"name":"Shaded","section":"Shading Mode"},"sceneLighting":false,"audioPlay":false,"sceneViewState":{"showFog":true,"showMaterialUpdate":false,"showSkybox":false,"showFlares":true,"showImageEffects":true,"showParticleSystems":true},"in2DMode":false,"pivot":{"x":1.1360862255096436,"y":0.096015565097332,"z":-3.8732056617736818},"rotation":{"x":0.0746137797832489,"y":0.8975731730461121,"z":-0.16694797575473786,"w":0.40114977955818179},"size":2.9660251140594484,"orthographic":false}