{"cameraMode":{"drawMode":0,"name":"Shaded","section":"Shading Mode"},"sceneLighting":true,"audioPlay":false,"sceneViewState":{"showFog":true,"showMaterialUpdate":false,"showSkybox":true,"showFlares":true,"showImageEffects":true,"showParticleSystems":true},"in2DMode":false,"pivot":{"x":22.052635192871095,"y":-12.824522018432618,"z":1.7310009002685547},"rotation":{"x":0.252556174993515,"y":0.5285294055938721,"z":-0.16836921870708466,"w":0.7927992939949036},"size":35.79804611206055,"orthographic":false}